{"cameraMode":{"drawMode":0,"name":"Shaded","section":"Shading Mode"},"sceneLighting":false,"audioPlay":false,"sceneViewState":{"m_AlwaysRefresh":false,"showFog":true,"showSkybox":false,"showFlares":true,"showImageEffects":true,"showParticleSystems":true,"showVisualEffectGraphs":true,"m_FxEnabled":true},"in2DMode":false,"pivot":{"x":-2.086162567138672e-7,"y":0.4711618423461914,"z":-0.019678644835948945},"rotation":{"x":-0.11699900776147843,"y":0.7112144231796265,"z":-0.12194488197565079,"w":-0.6823638081550598},"size":0.549971878528595,"orthographic":false}