{"cameraMode":{"drawMode":0,"name":"Shaded","section":"Shading Mode"},"sceneLighting":true,"audioPlay":false,"sceneViewState":{"m_AlwaysRefresh":false,"showFog":true,"showSkybox":true,"showFlares":true,"showImageEffects":true,"showParticleSystems":true,"showVisualEffectGraphs":true,"m_FxEnabled":true},"in2DMode":false,"pivot":{"x":389.44183349609377,"y":139.17483520507813,"z":1109.5867919921875},"rotation":{"x":0.09454299509525299,"y":0.8580976128578186,"z":-0.17082057893276215,"w":0.4749274253845215},"size":329.54644775390627,"orthographic":false}